Id,Label,Fitness,BasinSize
1,107,0.9643291,4
2,143,0.9640243,4
3,155,0.9644815,8
4,268,0.9647865,3
5,271,0.96829265,4
6,286,0.9696645,32
7,299,0.96844494,18
8,312,0.9676827,37
9,331,0.9695121,47
10,349,0.96966445,54
11,364,0.9696645,80
12,367,0.96890235,24
13,372,0.9644815,2
14,382,0.9690549,18
15,394,0.9682926,28
16,415,0.9681402,16
17,445,0.9670731,14
18,463,0.97012186,66
19,474,0.96875,14
20,505,0.9647864,4
21,508,0.9685975,26
22,511,0.96722555,8
